[
	{
		"id": 1,
		"title": "Joker",
		"image": "https://placehold.it/200x100",
		"desc": "Lorem ipsum dolor sit amet consectetur, adipisicing elit. Debitis saepe animi repudiandae quas. Quod, voluptates eveniet nobis facere cumque ad.",
		"alt": "Joker Movie",
		"ctaText": "Watch",
		"rating": "9.2"
	},
	{
		"id": 2,
		"title": "The Prestige",
		"image": "https://placehold.it/200x100",
		"desc": "Lorem ipsum dolor sit amet consectetur, adipisicing elit. Debitis saepe animi repudiandae quas. Quod, voluptates eveniet nobis facere cumque ad.",
		"alt": "The Prestige Movie",
		"ctaText": "Watch",
		"rating": "7.9"
	},
	{
		"id": 3,
		"title": "Despicable Me",
		"image": "https://placehold.it/200x100",
		"desc": "Lorem ipsum dolor sit amet consectetur, adipisicing elit. Debitis saepe animi repudiandae quas. Quod, voluptates eveniet nobis facere cumque ad.",
		"alt": "Despicable Me Movie",
		"ctaText": "Watch",
		"rating": "8.6"
	}
]
